rule_idx,antecedent_count,consequent_feature,samples_true,samples_false,t_statistic,t_p_value,u_statistic,u_p_value,cohens_d,cliffs_delta,mean_diff,direction_consistent,predicted_impact_type,actual_direction,predicted_direction,fdr_q_value,fdr_significant
1,1,NDVI_8,88,412,-25.907724970162437,1.982009620572204e-65,1061.0,9.416445622327376e-44,-2.2619267115947026,-0.9414717563989409,-0.52984357,True,negative,negative,negative,7.623113925277707e-65,True
2,2,NDVI_8,88,412,-25.907724970162437,1.982009620572204e-65,1061.0,9.416445622327376e-44,-2.2619267115947026,-0.9414717563989409,-0.52984357,True,negative,negative,negative,7.623113925277707e-65,True
3,2,NDVI_8,69,431,-22.53053326870518,7.170108949937187e-48,1371.0,8.933372689804266e-34,-2.0552572523020296,-0.9077978412186019,-0.51848143,True,negative,negative,negative,1.9916969305381076e-47,True
4,1,NDVI_8,88,412,-25.907724970162437,1.982009620572204e-65,1061.0,9.416445622327376e-44,-2.2619267115947026,-0.9414717563989409,-0.52984357,True,negative,negative,negative,7.623113925277707e-65,True
5,2,NDVI_8,67,433,-22.752640055656496,3.409994836665174e-47,1218.0,1.4658115688506644e-33,-2.094867535936109,-0.9160318499879356,-0.5272832,True,negative,negative,negative,8.5249870916629345e-47,True
6,2,EVI_season_max,67,433,-26.262484013596264,1.5209628535266623e-47,1100.0,3.959261487024459e-34,-2.864220803856976,-0.9241666953914033,-1.1260345,True,negative,negative,negative,4.002533825070164e-47,True
7,2,NDVI_9,67,433,-12.841727586394166,9.141523210902481e-21,1570.0,6.797865239887875e-32,-2.1750434351655192,-0.8917651925131846,-0.5545201,True,negative,negative,negative,1.1720457310151508e-31,True
8,1,NDVI_8,88,412,-25.907724970162437,1.982009620572204e-65,1061.0,9.416445622327376e-44,-2.2619267115947026,-0.9414717563989409,-0.52984357,True,negative,negative,negative,7.623113925277707e-65,True
9,1,NDVI_8,88,412,-25.907724970162437,1.982009620572204e-65,1061.0,9.416445622327376e-44,-2.2619267115947026,-0.9414717563989409,-0.52984357,True,negative,negative,negative,7.623113925277707e-65,True
10,2,EVI_season_max,77,423,-25.828198933862993,8.905261485282316e-50,1287.0,7.418264218725293e-38,-2.9157630864814985,-0.9209726443768997,-1.1030793,True,negative,negative,negative,2.6191945544947985e-49,True
11,2,NDVI_season_mean,41,459,-6.191689252696424,4.614269724458875e-09,9401.0,0.9927989199051911,-0.4119114201845468,-0.0009033423667570428,-0.93089813,,medium,negative,neutral,5.126966360509862e-09,True
12,1,TMIN_season_std,88,412,-3.5240211862490636,0.0006041586729282182,12245.0,1.7418194072913014e-06,-0.44314331921506905,-0.32452559576345985,-0.010672957,,medium,negative,neutral,1.777366742133981e-06,True
13,1,EVI_season_max,88,412,-25.179264119429885,4.617706940433391e-51,1541.0,2.01118206069157e-41,-2.9715089795567593,-0.9149933804060018,-1.0806339,True,negative,negative,negative,1.4430334188854346e-50,True
14,2,EVI_season_max,88,412,-25.179264119429885,4.617706940433391e-51,1541.0,2.01118206069157e-41,-2.9715089795567593,-0.9149933804060018,-1.0806339,True,negative,negative,negative,1.4430334188854346e-50,True
15,2,NDVI_9,69,431,-13.378770791372371,4.84542598230601e-22,1445.0,2.0035364539010003e-33,-2.2112183116687354,-0.9028212112041427,-0.55787843,True,negative,negative,negative,3.71025269240926e-33,True
16,1,NDVI_8,88,412,-25.907724970162437,1.982009620572204e-65,1061.0,9.416445622327376e-44,-2.2619267115947026,-0.9414717563989409,-0.52984357,True,negative,negative,negative,7.623113925277707e-65,True
17,2,EVI_season_max,69,431,-22.744883344157767,1.6952612121833793e-42,1795.0,8.612325018179886e-32,-2.5034018231612234,-0.8792830962708901,-1.0408983,True,negative,negative,negative,3.6853504612682155e-42,True
18,2,EVI_season_max,62,438,-16.985882833567867,3.5762446276552463e-28,2225.0,1.5360207311722273e-26,-2.2960040870421934,-0.8361319782000295,-1.0058943,True,negative,negative,negative,5.259183275963597e-28,True
19,2,VPDMIN_11,40,460,-15.215720717405787,5.702240844107351e-29,3317.0,1.9252792013351487e-11,-1.132642788448455,-0.6394565217391304,-0.4276538,True,negative,negative,negative,8.639758854708108e-29,True
20,1,NDVI_8,53,447,-17.484303707308264,1.24762281550055e-30,1817.0,6.5617542415472446e-24,-1.7363337287743497,-0.8466084166983243,-0.47362283,True,negative,negative,negative,1.9494106492196095e-30,True
21,2,NDVI_8,53,447,-17.484303707308264,1.24762281550055e-30,1817.0,6.5617542415472446e-24,-1.7363337287743497,-0.8466084166983243,-0.47362283,True,negative,negative,negative,1.9494106492196095e-30,True
22,2,EVI_season_max,67,433,-21.613470728510652,2.7154922544146758e-39,1636.0,1.380036581891183e-31,-2.454101582758713,-0.8872151942366688,-1.0343356,True,negative,negative,negative,5.657275530030575e-39,True
23,1,NDVI_8,88,412,-25.907724970162437,1.982009620572204e-65,1061.0,9.416445622327376e-44,-2.2619267115947026,-0.9414717563989409,-0.52984357,True,negative,negative,negative,7.623113925277707e-65,True
24,2,EVI_season_max,72,428,-20.447753099855777,7.718709983251122e-37,1893.0,9.920640188275384e-33,-2.6045361192147176,-0.8771417445482866,-1.0558114,True,negative,negative,negative,1.5437419966502244e-36,True
25,2,NDVI_season_mean,62,438,-9.135222150523663,1.6456083233054537e-18,13128.0,0.672914283888689,-0.4987618701577846,-0.033141847105611966,-1.1192977,,medium,negative,neutral,2.0068394186651874e-18,True
26,1,NDVI_8,88,412,-25.907724970162437,1.982009620572204e-65,1061.0,9.416445622327376e-44,-2.2619267115947026,-0.9414717563989409,-0.52984357,True,negative,negative,negative,7.623113925277707e-65,True
27,1,NDVI_8,88,412,-25.907724970162437,1.982009620572204e-65,1061.0,9.416445622327376e-44,-2.2619267115947026,-0.9414717563989409,-0.52984357,True,negative,negative,negative,7.623113925277707e-65,True
28,2,NDVI_season_mean,67,433,-7.39882055714979,8.263781736122351e-13,14229.0,0.8019812609375073,-0.45514001183649555,-0.019061735203888208,-1.022896,,medium,negative,neutral,9.609048530374828e-13,True
29,2,EVI_season_max,51,449,-16.69185839038826,4.291383434146893e-25,1640.0,1.1024183545487777e-23,-2.2902678243671657,-0.8567623040307437,-1.0342277,True,negative,negative,negative,6.13054776306699e-25,True
30,2,NDVI_8,62,438,-17.548060052986585,4.5088737494855065e-32,1989.0,1.3824917925088913e-27,-1.8562737526330162,-0.8535130357931948,-0.4896977,True,negative,negative,negative,8.051560266938403e-32,True
31,1,NDVI_8,88,412,-25.907724970162437,1.982009620572204e-65,1061.0,9.416445622327376e-44,-2.2619267115947026,-0.9414717563989409,-0.52984357,True,negative,negative,negative,7.623113925277707e-65,True
32,2,GPP_6,40,460,-9.4878476687067,8.285191180291387e-19,8032.0,0.18284455410193534,-0.5503638175397726,-0.1269565217391304,-0.41575116,,medium,negative,neutral,1.0356488975364232e-18,True
33,1,EVI_season_max,88,412,-25.179264119429885,4.617706940433391e-51,1541.0,2.01118206069157e-41,-2.9715089795567593,-0.9149933804060018,-1.0806339,True,negative,negative,negative,1.4430334188854346e-50,True
34,1,NDVI_8,88,412,-25.907724970162437,1.982009620572204e-65,1061.0,9.416445622327376e-44,-2.2619267115947026,-0.9414717563989409,-0.52984357,True,negative,negative,negative,7.623113925277707e-65,True
35,2,NDVI_season_mean,67,433,-9.484607054080934,9.999839422408618e-20,13748.0,0.49155467863684466,-0.521892528937284,-0.0522215711281927,-1.1685902,,medium,negative,neutral,1.282030695180592e-19,True
36,2,NDVI_season_mean,43,457,-3.2232235799501554,0.001797686756673947,10412.0,0.517658200046563,-0.28319231498226416,0.059691618747137465,-0.64206135,,medium,negative,neutral,0.001797686756673947,True
37,1,year,88,412,-5.566471617979075,2.626100390349009e-07,10896.0,4.159110732153167e-09,-1.1910581421998985,-0.39894086496028247,-0.37689686,True,high_negative,negative,negative,4.726262195628599e-09,True
38,1,NDVI_8,53,447,-17.484303707308264,1.24762281550055e-30,1817.0,6.5617542415472446e-24,-1.7363337287743497,-0.8466084166983243,-0.47362283,True,negative,negative,negative,1.9494106492196095e-30,True
39,1,EVI_season_max,93,407,-21.5433885166299,3.148943630257145e-44,2175.0,1.6695389715845887e-40,-2.673294776346571,-0.8850756915273045,-1.0175657,True,negative,negative,negative,7.156690068766239e-44,True
40,2,EVI_season_max,93,407,-21.5433885166299,3.148943630257145e-44,2175.0,1.6695389715845887e-40,-2.673294776346571,-0.8850756915273045,-1.0175657,True,negative,negative,negative,7.156690068766239e-44,True
41,1,TMIN_season_std,93,407,-3.087282694476135,0.0025082201120089826,12762.0,9.458036754834645e-07,-0.4079729116191791,-0.32567171276848694,-0.009841654,,medium,negative,neutral,1.0061741228547496e-06,True
42,1,EVI_season_max,53,447,-15.51998532025521,1.1405768492263139e-23,1925.0,1.9706420635367985e-23,-2.2042455175976685,-0.8374910303490777,-1.0022005,True,negative,negative,negative,1.541320066522046e-23,True
43,2,EVI_season_max,53,447,-15.51998532025521,1.1405768492263139e-23,1925.0,1.9706420635367985e-23,-2.2042455175976685,-0.8374910303490777,-1.0022005,True,negative,negative,negative,1.541320066522046e-23,True
44,1,NDVI_8,88,412,-25.907724970162437,1.982009620572204e-65,1061.0,9.416445622327376e-44,-2.2619267115947026,-0.9414717563989409,-0.52984357,True,negative,negative,negative,7.623113925277707e-65,True
45,2,NDVI_season_mean,44,456,-5.793336649854759,3.504766642026343e-08,10034.0,0.9986923421458624,-0.3961907688304615,0.0001993620414673103,-0.89544785,,medium,negative,neutral,3.8095289587242854e-08,True
46,1,NDVI_8,88,412,-25.907724970162437,1.982009620572204e-65,1061.0,9.416445622327376e-44,-2.2619267115947026,-0.9414717563989409,-0.52984357,True,negative,negative,negative,7.623113925277707e-65,True
47,2,NDVI_season_mean,69,431,-9.566260537387116,5.161989274113519e-20,14039.0,0.4563438951161086,-0.5283343424663675,-0.05585258414876093,-1.1820956,,medium,negative,neutral,6.792091150149367e-20,True
48,1,NDVI_season_mean,88,412,-7.950669707086956,1.449796629165928e-14,17113.0,0.4096089255906822,-0.5051156001240825,-0.05599073256840248,-1.1280675,,medium,negative,neutral,1.7259483680546765e-14,True
49,2,NDVI_9,77,423,-13.517387646101145,1.98834549389951e-23,1951.0,9.996368770563837e-35,-2.113921687866283,-0.8802001780725185,-0.53323615,True,negative,negative,negative,1.9223786097238147e-34,True
50,1,TMIN_season_std,88,412,-3.5240211862490636,0.0006041586729282182,12245.0,1.7418194072913014e-06,-0.44314331921506905,-0.32452559576345985,-0.010672957,,medium,negative,neutral,1.777366742133981e-06,True
